"Source_ID","PDF","Taxon_group","n_species","logitMSA_loss_pred","logitMSA_loss_pred_lwr","logitMSA_loss_pred_med","logitMSA_loss_pred_mea","logitMSA_loss_pred_upr","MSA_loss_pred","MSA_loss_pred_lwr","MSA_loss_pred_med","MSA_loss_pred_mea","MSA_loss_pred_upr"
0,0,"Invertebrates",1,-1.41368921945419,-1.98223090838581,-1.5109994788292,-1.50558295522021,-0.980425064616477,0.195652821635651,0.121081222606191,0.180790717676186,0.181594321726876,0.272807449690375
0,0.01,"Invertebrates",1,-1.37178408712666,-1.92695770324094,-1.46501625226144,-1.45968182900274,-0.944500397467953,0.202331753240406,0.127087698895441,0.187701301202392,0.188515993461851,0.279992180279507
0,0.02,"Invertebrates",1,-1.32987895479913,-1.86908799881309,-1.41763433637166,-1.41378070278527,-0.908619250743962,0.209179388213443,0.133647283940709,0.195032712919299,0.195638425048991,0.287282464328671
0,0.03,"Invertebrates",1,-1.28797382247161,-1.81469122214315,-1.37109959926522,-1.3678795765678,-0.873084197012622,0.216195959835242,0.140072104377011,0.20244224771967,0.202962648769873,0.294612950264165
0,0.04,"Invertebrates",1,-1.24606869014408,-1.76050447194067,-1.32407013817342,-1.32197845035033,-0.837549143281281,0.223381409191121,0.146727169511729,0.210141925576171,0.210489319220548,0.30205121368748
0,0.05,"Invertebrates",1,-1.20416355781655,-1.70701084902898,-1.27807839856695,-1.27607732413285,-0.80201408954994,0.230735370941882,0.15355182445318,0.217877500184517,0.218218689569665,0.309594850518326
0,0.06,"Invertebrates",1,-1.16225842548902,-1.65318339876097,-1.23373611505623,-1.23017619791538,-0.766479035818599,0.238257159705028,0.160679168164468,0.225528187248392,0.226150588462233,0.317241253212079
0,0.07,"Invertebrates",1,-1.12035329316149,-1.59861407439491,-1.1889519943573,-1.18427507169791,-0.729515827838784,0.245945757177764,0.168175406226594,0.233446423141339,0.23428439780007,0.325300984656848
0,0.08,"Invertebrates",1,-1.07844816083396,-1.54472874026927,-1.14280213832976,-1.13837394548044,-0.692918030228653,0.25379980013632,0.175848906238562,0.241806256573723,0.242619031640808,0.333384257573838
0,0.09,"Invertebrates",1,-1.03654302850643,-1.49079567051818,-1.09656295822181,-1.09247281926297,-0.655218886590514,0.261817569448211,0.183802331664177,0.250384446288504,0.251152916465894,0.341814438726729
0,0.1,"Invertebrates",1,-0.994637896178906,-1.43704024103407,-1.05268528800553,-1.04657169304549,-0.618480089741426,0.269996980234673,0.192004102676183,0.258709785302076,0.259883973073969,0.350127210161764
0,0.11,"Invertebrates",1,-0.952732763851378,-1.38536471695499,-1.00974545526588,-1.00067056682802,-0.582360474524078,0.278335573319601,0.200148784550675,0.267029668530063,0.268809600358886,0.358389629559751
0,0.12,"Invertebrates",1,-0.910827631523849,-1.33368919287591,-0.963722379937498,-0.954769440610549,-0.54468465193049,0.286830508098708,0.20854978420682,0.27613353173243,0.277926661231116,0.36709848733211
0,0.13,"Invertebrates",1,-0.868922499196321,-1.28230241980159,-0.917704925962804,-0.908868314393077,-0.504436760556741,0.295478556958232,0.217158555670083,0.285425762158509,0.287231470937085,0.376498581496323
0,0.14,"Invertebrates",1,-0.827017366868792,-1.23050037172126,-0.872895413677422,-0.862967188175605,-0.464230920564097,0.304276101366269,0.226093860975607,0.29465218401304,0.296719788022777,0.385982613085988
0,0.15,"Invertebrates",1,-0.785112234541264,-1.17887634481515,-0.827745939757252,-0.817066061958133,-0.426486639225668,0.313219129751613,0.235254292573664,0.304121890198269,0.306386808175517,0.394965601001698
0,0.16,"Invertebrates",1,-0.743207102213735,-1.1271806263419,-0.782129738758764,-0.771164935740661,-0.383846946013669,0.322303237274869,0.244681781551654,0.313861060214422,0.316227161161098,0.405199396551364
0,0.17,"Invertebrates",1,-0.701301969886207,-1.07316273758873,-0.736419965440926,-0.725263809523189,-0.343612730076063,0.331523627584549,0.254802084368678,0.323787494284408,0.326234911052233,0.414932169529855
0,0.18,"Invertebrates",1,-0.659396837558678,-1.018293993722,-0.690317148252145,-0.679362683305717,-0.303392891186522,0.340875116636888,0.265359843059228,0.333962525754275,0.336403559918777,0.424728272970671
0,0.19,"Invertebrates",1,-0.61749170523115,-0.965569466841543,-0.646378020045427,-0.633461557088245,-0.263185384805288,0.350352138642405,0.275764481682443,0.343806205768981,0.346726055120344,0.434580831905762
0,0.2,"Invertebrates",1,-0.575586572903621,-0.914611675792938,-0.599675430085551,-0.587560430870772,-0.22564886647388,0.359948754184788,0.286057073474382,0.354417953765595,0.357194800308183,0.443825934519029
0,0.21,"Invertebrates",1,-0.533681440576093,-0.86827412746747,-0.555081760417018,-0.5416593046533,-0.18462523107777,0.36965866053877,0.295613547031755,0.364686207382094,0.367801670205677,0.453974355685847
0,0.22,"Invertebrates",1,-0.491776308248564,-0.816682716957636,-0.507145220665276,-0.495758178435828,-0.141583085500445,0.379475204193461,0.306468280374789,0.375862990521727,0.378538029196249,0.464663238296238
0,0.23,"Invertebrates",1,-0.449871175921036,-0.766465950025437,-0.459577504409264,-0.449857052218356,-0.0971659514309872,0.389391395566324,0.317244087591718,0.38708605634288,0.389394753704142,0.475727605893324
0,0.24,"Invertebrates",1,-0.407966043593507,-0.714871666723112,-0.410948937819329,-0.403955926000884,-0.0534569421542254,0.399399925870959,0.328523274924832,0.398684605505681,0.400362258308365,0.486638946071954
0,0.25,"Invertebrates",1,-0.366060911265979,-0.664460285497441,-0.362561219129484,-0.358054799783412,-0.0116960721621877,0.409493186079369,0.339738383160969,0.410339708712209,0.411430525483654,0.497076015292341
0,0.26,"Invertebrates",1,-0.32415577893845,-0.618685752599752,-0.313799674396879,-0.31215367356594,0.0258103895542799,0.4196632878968,0.350080415458632,0.422187553431333,0.422589138815483,0.506452239198526
0,0.27,"Invertebrates",1,-0.282250646610921,-0.569430490839298,-0.267673820244159,-0.266252547348468,0.0690521693456133,0.429902086644831,0.361368246500142,0.433478257657163,0.433827319489895,0.51725618613268
0,0.28,"Invertebrates",1,-0.240345514283393,-0.520324822379581,-0.222421541740903,-0.220351421130996,0.112331246965503,0.440201205926666,0.37277628248809,0.444622725556566,0.445133965813951,0.528053319155689
0,0.29,"Invertebrates",1,-0.198440381955864,-0.465251394254063,-0.176114468188982,-0.174450294913524,0.155541386301759,0.450552063927743,0.385740788942905,0.456084831511467,0.456497695480061,0.538807139280622
0,0.3,"Invertebrates",1,-0.156535249628336,-0.412098064992195,-0.130354919669032,-0.128549168696052,0.199418340570154,0.460945901185308,0.398409151383453,0.467457338544584,0.467906890248014,0.549690022794671
0,0.31,"Invertebrates",1,-0.114630117300807,-0.364877835498039,-0.084594679771469,-0.08264804247858,0.242999026131767,0.471373809642794,0.409779294477971,0.478863933152898,0.479349742683238,0.560452579229469
0,0.32,"Invertebrates",1,-0.0727249849732787,-0.313323336377079,-0.0387443626002995,-0.0367469162611079,0.282339345672411,0.481826762789075,0.422303758120805,0.490315120837979,0.490814304559286,0.570119652143237
0,0.33,"Invertebrates",1,-0.0308198526457502,-0.268914032267549,0.0072031957827029,0.00915420995636422,0.328946051816738,0.492295646669126,0.433173717929769,0.501800791159357,0.502288536507584,0.581502912937724
0,0.34,"Invertebrates",1,0.0110852796817784,-0.216097036550385,0.0524506299757131,0.0550553361738363,0.372390959538615,0.502771291541686,0.44618499881113,0.513109652169036,0.513760358478572,0.592036591966574
0,0.35,"Invertebrates",1,0.052990412009307,-0.169441650220303,0.0988406980632462,0.100956462391308,0.415708885424043,0.513244503951353,0.457740646266325,0.524690077012762,0.525217700566023,0.602455969239228
0,0.36,"Invertebrates",1,0.0948955443368353,-0.12438731232825,0.145221300729076,0.14685758860878,0.459026811309472,0.523706098977215,0.468943204683843,0.536241655186118,0.536648553740745,0.612783283354882
0,0.37,"Invertebrates",1,0.136800676664364,-0.0834962635900931,0.194079389124447,0.192758714826252,0.501825787326648,0.534146932417928,0.479138052835589,0.548368119778421,0.548041020041283,0.622888301970844
0,0.38,"Invertebrates",1,0.178705808991892,-0.0425304248064261,0.239207530398622,0.238659841043724,0.54467821844829,0.544557932673913,0.489368996229529,0.559518348359821,0.559383361777515,0.63290001792945
0,0.39,"Invertebrates",1,0.220610941319421,0.0041381537948199,0.285710132869091,0.284560967261197,0.588401363910937,0.554930132091239,0.501034536972394,0.57094557957488,0.570664049318053,0.642998260335062
0,0.4,"Invertebrates",1,0.262516073646949,0.046107156311225,0.334511220953678,0.330462093478669,0.632124509373584,0.56525469753857,0.51152474747403,0.582856619830023,0.581871807053755,0.652971032049973
0,0.41,"Invertebrates",1,0.304421205974478,0.090520190557281,0.382204092210039,0.376363219696141,0.675889318923199,0.57552295999824,0.52261460791884,0.594404592991542,0.592995657156872,0.662820619333922
0,0.42,"Invertebrates",1,0.346326338302006,0.135706054923217,0.428251691465843,0.422264345913613,0.719708006905867,0.585726442964846,0.533874543171654,0.605456111313706,0.604024960787921,0.67254271495735
0,0.43,"Invertebrates",1,0.388231470629535,0.178315246921168,0.474855148887153,0.468165472131085,0.764508455791668,0.595856889459498,0.544461065897318,0.61653225936565,0.614949456439385,0.682331767016158
0,0.44,"Invertebrates",1,0.430136602957063,0.220867682287479,0.521099846236739,0.514066598348557,0.807209087056514,0.605906287484752,0.554993541769144,0.627404911162449,0.625759295146124,0.691514459017276
0,0.45,"Invertebrates",1,0.472041735284592,0.263492860248933,0.567140767478281,0.559967724566029,0.851087750302328,0.615866893764015,0.565494719542173,0.638103160751006,0.636445072336035,0.70079527313076
0,0.46,"Invertebrates",1,0.513946867612121,0.306278020620912,0.612825682603104,0.605868850783501,0.894851006363712,0.625731255629377,0.575976509181197,0.648585108712424,0.646997856140034,0.70989023463732
0,0.47,"Invertebrates",1,0.555851999939649,0.350874272851302,0.656894208641893,0.651769977000973,0.938507787712361,0.635492230943259,0.586829571739142,0.658562370805183,0.657409212027079,0.718798138964352
0,0.48,"Invertebrates",1,0.597757132267178,0.39308122441014,0.703397040084187,0.697671103218445,0.984917043491077,0.645143005961326,0.597024220772592,0.668940508892994,0.667671223676702,0.728082774992726
0,0.49,"Invertebrates",1,0.639662264594706,0.434328260037583,0.74927868503345,0.743572229435917,1.03250182330855,0.654677111066723,0.606906741945572,0.679021507946005,0.677776510047534,0.737400638894991
0,0.5,"Invertebrates",1,0.681567396922235,0.477442961167209,0.7955157395453,0.789473355653389,1.07915444590102,0.664088434328233,0.617143885761046,0.689014438087472,0.687718238644855,0.746333936726385
0,0.51,"Invertebrates",1,0.723472529249763,0.519646950496388,0.84005139266124,0.835374481870861,1.12771861597593,0.673371232857252,0.627065207826178,0.698476039780593,0.697490135032479,0.75541763205762
0,0.52,"Invertebrates",1,0.765377661577292,0.562298635810662,0.885806099960678,0.881275608088333,1.17719299206346,0.682520141960139,0.636984233252146,0.708023941216614,0.707086488673719,0.764442720962753
0,0.53,"Invertebrates",1,0.80728279390482,0.607721334689987,0.93096306496395,0.927176734305805,1.23335671540075,0.691530182103243,0.647420832657335,0.717270629642044,0.716502155222196,0.774405537925094
0,0.54,"Invertebrates",1,0.849187926232349,0.647626589471149,0.975395241363307,0.973077860523277,1.28305562618769,0.700396763727452,0.656475420902681,0.726193576682114,0.725732555415542,0.782969462677058
0,0.55,"Invertebrates",1,0.891093058559877,0.690279320594766,1.0213604229079,1.01897898674075,1.32716789595522,0.709115689967279,0.666029060128144,0.735237508634971,0.734773670753116,0.790371785697699
0,0.56,"Invertebrates",1,0.932998190887406,0.732369822143268,1.06566024262902,1.06488011295822,1.37763268543022,0.71768315734603,0.67532509815453,0.743770738291564,0.743622036162709,0.798610530035215
0,0.57,"Invertebrates",1,0.974903323214934,0.774731946835439,1.11367284857832,1.11078123917569,1.43048251867044,0.726095754533423,0.684543618807543,0.752813209680671,0.752274729880605,0.806976486631171
0,0.58,"Invertebrates",1,1.01680845554246,0.814919962685277,1.15849892948369,1.15668236539317,1.48047227369702,0.734350459264979,0.693156926420504,0.761059855520586,0.760729360784376,0.814643904261045
0,0.59,"Invertebrates",1,1.05871358786999,0.85829282140624,1.20483216812994,1.20258349161064,1.52773127985094,0.742444633533551,0.702303852451232,0.769383283722228,0.768984053428532,0.821674130850445
0,0.6,"Invertebrates",1,1.10061872019752,0.898318645576691,1.25133598372485,1.24848461782811,1.57573882604237,0.75037601717244,0.710603861263307,0.777531040673792,0.777037431039685,0.82860018499254
0,0.61,"Invertebrates",1,1.14252385252505,0.940136253306171,1.2989194885211,1.29438574404558,1.62756321972794,0.758142719956738,0.719127179127657,0.785653078566899,0.784888596730628,0.835835550800566
0,0.62,"Invertebrates",1,1.18442898485258,0.983046815360934,1.34482851122755,1.34028687026305,1.68083901183806,0.765743212354749,0.727712352602694,0.793282866963146,0.792537113191826,0.843015598150345
0,0.63,"Invertebrates",1,1.22633411718011,1.02084608211863,1.38970560719248,1.38618799648053,1.73179849060093,0.773176315064837,0.735137373238735,0.800545240857665,0.799982981114655,0.849642322378598
0,0.64,"Invertebrates",1,1.26823924950763,1.0620753855568,1.43723750903994,1.432089122698,1.78208942941159,0.780441187474678,0.743086954374774,0.80802649933231,0.807226616593743,0.855954676409641
0,0.65,"Invertebrates",1,1.31014438183516,1.10659299624393,1.48389855920901,1.47799024891547,1.83437874806079,0.787537315180034,0.751493395156558,0.815160713022259,0.814268827746175,0.862282534485557
0,0.66,"Invertebrates",1,1.35204951416269,1.15084673153071,1.53067475147927,1.52389137513294,1.88821040767286,0.794464496698723,0.759665541935307,0.822105016958081,0.821110790773767,0.868551347701756
0,0.67,"Invertebrates",1,1.39395464649022,1.19029834021973,1.57660299087179,1.56979250135041,1.94232154804599,0.801222829512717,0.7667944178933,0.828722880490618,0.827754025681165,0.874606968273627
0,0.68,"Invertebrates",1,1.43585977881775,1.23423749290284,1.62120814539617,1.61569362756789,1.99260606250255,0.807812695567359,0.774559373974004,0.834961680437475,0.834200371847931,0.880018573567456
0,0.69,"Invertebrates",1,1.47776491114528,1.27086541623717,1.66760318003435,1.66159475378536,2.04960294680935,0.814234746351701,0.780890856907075,0.841256001153839,0.840451963637013,0.885907492556179
0,0.7,"Invertebrates",1,1.51967004347281,1.30720606952778,1.71210767149684,1.70749588000283,2.10242778912184,0.820489887678124,0.787045254653704,0.84710945910976,0.846511206205723,0.891138923206984
0,0.71,"Invertebrates",1,1.56157517580033,1.34450692097215,1.75795620128555,1.7533970062203,2.1519710577838,0.826579264272819,0.793230125959763,0.852953504019868,0.85238075166869,0.895852821185162
0,0.72,"Invertebrates",1,1.60348030812786,1.38274508764752,1.80446244352237,1.79929813243777,2.2099093742755,0.832504244281539,0.799431511524889,0.858691277723069,0.858063475745517,0.901135853267073
0,0.73,"Invertebrates",1,1.64538544045539,1.41697453498327,1.85071516767912,1.84519925865525,2.26648809502878,0.838266403787506,0.804863680748523,0.864211050002773,0.863562455009371,0.906063306387952
0,0.74,"Invertebrates",1,1.68729057278292,1.4558579369179,1.89523763243377,1.89110038487272,2.32050176339978,0.843867511430452,0.810898339406202,0.869351569496862,0.868880944836583,0.910560812605916
0,0.75,"Invertebrates",1,1.72919570511045,1.49822191244054,1.9414965033324,1.93700151109019,2.37466351939269,0.849309513207766,0.81730913097872,0.874516457965304,0.874022358141824,0.91487475389828
0,0.76,"Invertebrates",1,1.77110083743798,1.53582705103815,1.98894181064267,1.98290263730766,2.4282205570799,0.854594517530638,0.822857282199099,0.879631141236837,0.878990244968555,0.918954103158496
0,0.77,"Invertebrates",1,1.8130059697655,1.57705211807515,2.03563430207608,2.02880376352513,2.48117258924781,0.859724780600076,0.828786620763703,0.884487977137052,0.883788272990493,0.922811363462389
0,0.78,"Invertebrates",1,1.85491110209303,1.61567800811385,2.08109012384266,2.07470488974261,2.53454383596203,0.864702692159765,0.834198211508225,0.889051607460334,0.888420208966787,0.926528268938115
0,0.79,"Invertebrates",1,1.89681623442056,1.64960127315356,2.12706346637469,2.12060601596008,2.58887235358578,0.869530761675103,0.838837154069349,0.893505910762311,0.892889901181475,0.93014198058494
0,0.8,"Invertebrates",1,1.93872136674809,1.68886608762957,2.17478064647415,2.16650714217755,2.64348501556103,0.874211604980343,0.844074981157658,0.897961833996064,0.89720126288683,0.933608305763281
0,0.81,"Invertebrates",1,1.98062649907562,1.73164888877998,2.22203232564041,2.21240826839502,2.69808235139847,0.878747931428741,0.849623209709417,0.902210647499969,0.901358256760101,0.936913393008907
0,0.82,"Invertebrates",1,2.02253163140315,1.76723810593236,2.26604465989513,2.2583093946125,2.74819205871589,0.883142531573958,0.85411386622359,0.906025557678178,0.905364880374261,0.939811162846424
0,0.83,"Invertebrates",1,2.06443676373068,1.8062543277557,2.31215528584494,2.30421052082997,2.80048229981478,0.887398265404715,0.858908566255747,0.909878743672322,0.909225152675385,0.942701881110129
0,0.84,"Invertebrates",1,2.1063418960582,1.84165321664356,2.35923944574698,2.35011164704744,2.85462908844414,0.891518051148872,0.863144113145978,0.913665831415202,0.912943101452314,0.945557473573797
0,0.85,"Invertebrates",1,2.14824702838573,1.87761227331388,2.40328095417586,2.39601277326491,2.90801345093345,0.895504854657785,0.867336626439437,0.917077150750607,0.91652275177826,0.948241151737758
0,0.86,"Invertebrates",1,2.19015216071326,1.91846495700592,2.44739830587879,2.44191389948238,2.95742460876025,0.899361679376861,0.871967158645764,0.920370985662134,0.919968115398875,0.950613225385584
0,0.87,"Invertebrates",1,2.23205729304079,1.95936753628516,2.49416046211637,2.48781502569986,3.00518855586732,0.903091556903821,0.87646448905299,0.923731431389134,0.923283181037043,0.952807978788095
0,0.88,"Invertebrates",1,2.27396242536832,2.00015852168046,2.54206762255006,2.53371615191733,3.05295250297439,0.906697538132157,0.880813720732811,0.927038799689656,0.926471905581127,0.954909823475254
0,0.89,"Invertebrates",1,2.31586755769585,2.0408694911706,2.58807889803602,2.5796172781348,3.10104329325806,0.910182684973762,0.89,0.930090405928539,0.929538206120669,0.956935759375203
0,0.9,"Invertebrates",1,2.35777269002338,2.07415528743815,2.63500425907602,2.62551840435227,3.1538175207632,0.913550062651561,0.9,0.933080698913848,0.932485952791386,0.959058879506933
0,0.91,"Invertebrates",1,2.3996778223509,2.10738504899413,2.67950926404508,2.67141953056974,3.20841973552338,0.91680273255027,0.91,0.935806650131877,0.935318962389808,0.961149900230746
0,0.92,"Invertebrates",1,2.44158295467843,2.14061481055011,2.72521366560259,2.71732065678722,3.26302195028357,NA,0.92,0.938498152104997,0.938040992716888,0.963138229232815
0,0.93,"Invertebrates",1,2.48348808700596,2.1738445721061,2.77016749075363,2.76322178300469,3.31762416504376,NA,0.93,0.941042279894668,0.940655737609414,0.96502849914031
0,0.94,"Invertebrates",1,2.52539321933349,2.20872010107304,2.81450156590222,2.80912290922216,3.37222637980394,NA,0.94,0.943454449359329,0.943166822617948,0.966825174902163
0,0.95,"Invertebrates",1,2.56729835166102,2.24721658918387,2.85999026271668,2.85502403543963,3.42682859456413,NA,0.95,NA,NA,0.968532555542285
0,0.96,"Invertebrates",1,2.60920348398855,2.2858292833617,2.90652192638326,2.9009251616571,3.48143080932431,NA,0.96,NA,NA,0.970154776425814
0,0.97,"Invertebrates",1,2.65110861631608,2.32445308583423,2.95164157447124,2.94682628787458,3.5360330240845,NA,0.97,NA,NA,0.97169581196663
0,0.98,"Invertebrates",1,2.6930137486436,2.36307688830676,2.99677056185211,2.99272741409205,3.59060439089968,NA,NA,NA,NA,NA
0,0.99,"Invertebrates",1,2.73491888097113,2.40271341317888,3.04153210390407,3.03862854030952,3.64514885837624,NA,NA,NA,NA,NA
0,1,"Invertebrates",1,2.77682401329866,2.44021952612227,3.08804272262497,3.08452966652699,3.69969332585279,NA,NA,NA,NA,NA
0,0,"Plants",1,-2.45681733834404,-2.48521247420106,-1.75855780473384,-1.75954838467784,-1.06576815516378,0.0789414376137375,0.0769013643896318,0.146971056596043,0.146846910453147,0.256208696728865
0,0.01,"Plants",1,-2.40096572571772,-2.42615062689729,-1.71007332595649,-1.71104291218331,-1.03182372637639,0.0830990847177007,0.081200193734797,0.153154205293697,0.153028494190498,0.262730689566401
0,0.02,"Plants",1,-2.34511411309141,-2.36664673297041,-1.66078578112766,-1.66253743968879,-0.991245442775652,0.0874549130793546,0.0857516650098289,0.159656543375785,0.159421669856091,0.270666149582015
0,0.03,"Plants",1,-2.28926250046509,-2.30714283904353,-1.6109229865322,-1.61403196719426,-0.951624868541189,0.0920161488731775,0.0905331193438934,0.166460508466554,0.166029580229353,0.278558165221858
0,0.04,"Plants",1,-2.23341088783878,-2.25228929088291,-1.56151987423122,-1.56552649469974,-0.909456660606278,0.096790044892737,0.0951521782185188,0.1734286631282,0.172855060724522,0.28711103415976
0,0.05,"Plants",1,-2.17755927521246,-2.19933714658041,-1.5138762588835,-1.51702102220522,-0.866415060117875,0.101783851696325,0.09981002936912,0.180365042106768,0.17990060797901,0.296000800552797
0,0.06,"Plants",1,-2.12170766258614,-2.14638500227791,-1.4638455314767,-1.46851554971069,-0.825666085189129,0.107004785654087,0.104669514491691,0.187879865707081,0.187168347959436,0.304562232729676
0,0.07,"Plants",1,-2.06585604995983,-2.09324489241131,-1.4179267226481,-1.42001007721617,-0.78632177426841,0.112459993804881,0.109755117673431,0.194986813842401,0.194660003806865,0.312959000945091
0,0.08,"Plants",1,-2.01000443733351,-2.03732848568212,-1.3669125208853,-1.37150460472164,-0.746877759018353,0.118156515458066,0.115339042545415,0.203119133156948,0.202376863668625,0.321502001761552
0,0.09,"Plants",1,-1.95415282470719,-1.98141207895293,-1.31813114084355,-1.32299913222712,-0.701886390620144,0.124101240507793,0.121168389933619,0.211129390979006,0.210319748789299,0.331394123522322
0,0.1,"Plants",1,-1.89830121208088,-1.92549567222373,-1.26957637924524,-1.2744936597326,-0.656897360268674,0.130300864465488,0.127249979824283,0.219329777599628,0.218488982157618,0.341436920526757
0,0.11,"Plants",1,-1.84244959945456,-1.86957926549454,-1.22037912104765,-1.22598818723807,-0.616208786522323,0.136761840260305,0.133590412526966,0.227869739192722,0.226884358028269,0.350644194049659
0,0.12,"Plants",1,-1.78659798682824,-1.81357709743968,-1.17296896778659,-1.17748271474355,-0.575520212775973,0.143490326907441,0.140206356647356,0.236318748727645,0.235505112657626,0.359964042747918
0,0.13,"Plants",1,-1.73074637420193,-1.75738557744605,-1.1263638330441,-1.12897724224902,-0.534840975771937,0.150492135200373,0.147118080219535,0.244832766729057,0.244349896609298,0.369388516784994
0,0.14,"Plants",1,-1.67489476157561,-1.70133142986754,-1.07944351445101,-1.0804717697545,-0.497665380496699,0.157772670645051,0.154291452680139,0.253611340830806,0.253416748998575,0.378089469698683
0,0.15,"Plants",1,-1.6190431489493,-1.64542976220754,-1.03162513505799,-1.03196629725997,-0.453594130631286,0.165336873921438,0.161727587343803,0.262769159167575,0.262703074053643,0.38850656988232
0,0.16,"Plants",1,-1.56319153632298,-1.58952809454753,-0.98074140812526,-0.98346082476545,-0.419893837278637,0.173189159229991,0.169450301083366,0.272744696854264,0.272205620375131,0.396542154221135
0,0.17,"Plants",1,-1.50733992369666,-1.53350322612994,-0.934321176703757,-0.934955352270926,-0.38135392154314,0.181333350956675,0.177481700072013,0.282048864363495,0.281920463273658,0.405800389200586
0,0.18,"Plants",1,-1.45148831107035,-1.47738448762101,-0.886404673093493,-0.886449879776402,-0.333961535187312,0.189772619168952,0.185822802067074,0.291852333539717,0.291842990556833,0.417277033982065
0,0.19,"Plants",1,-1.39563669844403,-1.41833605036866,-0.837999802779354,-0.837944407281878,-0.29086512958564,0.198509414535222,0.194922570937635,0.301956215805583,0.301967892122381,0.427792082226539
0,0.2,"Plants",1,-1.33978508581771,-1.35955365381579,-0.787222349418464,-0.789438934787354,-0.249460059974803,0.207545403339933,0.204312854810377,0.312765395805416,0.312289153692221,0.437956401215542
0,0.21,"Plants",1,-1.2839334731914,-1.30060330301488,-0.738593317553161,-0.74093346229283,-0.202445399828018,0.216881403343734,0.214063499557222,0.323311823036553,0.322800054993323,0.449560799757252
0,0.22,"Plants",1,-1.22808186056508,-1.25114093965109,-0.6915723503888,-0.692427989798305,-0.155452775851742,0.226517321310671,0.222502699197878,0.333683387400525,0.333493172654858,0.461214879960775
0,0.23,"Plants",1,-1.17223024793876,-1.19725226672918,-0.643207060710171,-0.643922517303781,-0.112359491193423,0.236452093089714,0.231964383590818,0.344521939180777,0.344360388047879,0.471939642020797
0,0.24,"Plants",1,-1.11637863531245,-1.13617683211961,-0.592770876260501,-0.595417044809257,-0.0703784402048622,0.246683627193457,0.243022990562312,0.355999339488815,0.355392900243581,0.482412648711799
0,0.25,"Plants",1,-1.06052702268613,-1.08541491667083,-0.546675221436531,-0.546911572314733,-0.0252858984202889,0.257208752859716,0.2524826623704,0.366636126480789,0.366581244209884,0.493678862190337
0,0.26,"Plants",1,-1.00467541005982,-1.03419091804494,-0.499176678445367,-0.498406099820209,0.0237873954334019,0.268023173609319,0.262272414398961,0.377734171918533,0.377915314304247,0.50594656846038
0,0.27,"Plants",1,-0.9488237974335,-0.986987479665485,-0.449764966931941,-0.449900627325684,0.0647460649832869,0.279121427322832,0.271507517304349,0.389416648721493,0.389384393054215,0.516180864054166
0,0.28,"Plants",1,-0.892972184807183,-0.935303776811495,-0.40334925614037,-0.40139515483116,0.105741170337818,0.290496853847978,0.281849933111153,0.400507911749392,0.400977185147387,0.526410688580636
0,0.29,"Plants",1,-0.837120572180867,-0.879413379069277,-0.354860314531372,-0.352889682336636,0.143807209445578,0.302141571115827,0.293299355922883,0.412204305762217,0.412681856480505,0.535889971749322
0,0.3,"Plants",1,-0.781268959554551,-0.83117808471594,-0.308431864909187,-0.304384209842112,0.195797839998589,0.314046460685875,0.303396027995822,0.423497548931284,0.424486078044616,0.548793676747809
0,0.31,"Plants",1,-0.725417346928234,-0.779906847609318,-0.258688679912336,-0.255878737347588,0.242397133118872,0.326201163556814,0.314339962881934,0.435686086998239,0.436377074351338,0.560304300212088
0,0.32,"Plants",1,-0.669565734301918,-0.72340505054395,-0.210436437527056,-0.207373264853064,0.284514327388419,0.338594086970785,0.326643608745932,0.447584177653492,0.448341676035589,0.570652622204108
0,0.33,"Plants",1,-0.613714121675601,-0.666711505774931,-0.15850341052355,-0.158867792358539,0.329232225484463,0.351212422804696,0.339233580289159,0.46045690058981,0.460366376204512,0.581572553756954
0,0.34,"Plants",1,-0.557862509049285,-0.60910719642639,-0.111248473995535,-0.110362319864015,0.376004502405462,0.364042177984113,0.352262885374305,0.472216530127103,0.472437390042038,0.59290907720299
0,0.35,"Plants",1,-0.502010896422969,-0.562232533469982,-0.0629286531643494,-0.061856847369491,0.425784257614463,0.377068217175743,0.363031052082146,0.484273026287902,0.484540717125275,0.604866540050688
0,0.36,"Plants",1,-0.446159283796653,-0.514312042059487,-0.0117863772285033,-0.013351374874967,0.477924065709089,0.390274317816722,0.374183227491119,0.497053439803818,0.496662205863823,0.617257553439717
0,0.37,"Plants",1,-0.390307671170336,-0.468090267752778,0.0349054203721317,0.0351540976195572,0.530928385808174,0.403643237327174,0.385068351105281,0.508725469193506,0.50878761943744,0.629699617176131
0,0.38,"Plants",1,-0.33445605854402,-0.423177005578158,0.0860248639120775,0.0836595701140814,0.57898624680485,0.41715679213164,0.39575677109922,0.52149296312208,0.520902702582066,0.640834108394541
0,0.39,"Plants",1,-0.278604445917704,-0.375044078712983,0.135859736103541,0.132165042608606,0.622524758086452,0.430795947890774,0.407322758919412,0.533912786920768,0.532993248559786,0.65079254738037
0,0.4,"Plants",1,-0.222752833291387,-0.316348409331538,0.184335310068363,0.18067051510313,0.670795846203534,0.444540920123254,0.42156592533877,0.545953777260375,0.545045165645128,0.661681339570861
0,0.41,"Plants",1,-0.166901220665071,-0.265112844373872,0.232324793916828,0.229175987597654,0.719745391078329,0.458371284185619,0.434107275758424,0.557821357405991,0.557044542468378,0.67255094798359
0,0.42,"Plants",1,-0.111049608038755,-0.223151982253316,0.280915325540312,0.277681460092178,0.768593995725625,0.472266093381133,0.44444236273206,0.569770613890322,0.568977711576036,0.683216668327488
0,0.43,"Plants",1,-0.0551979954124384,-0.163133011783259,0.328520532747689,0.326186932586702,0.819136911905198,0.486204003793961,0.459306951955582,0.581399356186648,0.580831310598641,0.694053099753619
0,0.44,"Plants",1,0.000653617213877911,-0.108214450051259,0.377246521770947,0.374692405081226,0.86710129112512,0.500163404297652,0.47297275725237,0.593208826185157,0.592592340456227,0.704142179212127
0,0.45,"Plants",1,0.0565052298401943,-0.060830472971494,0.424307509125077,0.423197877575751,0.914711856918165,0.514122550071916,0.484797069477187,0.604513538116258,0.604248220080609,0.713963385920432
0,0.46,"Plants",1,0.112356842466511,-0.0100764715547871,0.474374029503347,0.471703350070275,0.963538369152071,0.52805969788299,0.497480903426032,0.616418506633599,0.615786837190254,0.72382968597663
0,0.47,"Plants",1,0.168208455092827,0.038462271549922,0.521795657424476,0.520208822564799,1.01539105908639,0.54195324134304,0.509614382666558,0.62756755511935,0.627196594716389,0.734073861929246
0,0.48,"Plants",1,0.224060067719143,0.087183244266375,0.567694782886376,0.568714295059323,1.06520188900349,0.555781844364534,0.521782015870912,0.638231088362395,0.638466452546629,0.74368337741067
0,0.49,"Plants",1,0.27991168034546,0.141847682024994,0.615771837197374,0.617219767553847,1.11688202243825,0.569524571066275,0.535402579820949,0.649256309224532,0.649585964323288,0.753409905717589
0,0.5,"Plants",1,0.335763292971776,0.183309217554313,0.665329877879103,0.665725240048371,1.16402247954066,0.583161010467379,0.545699409010501,0.660456653316936,0.660545309106027,0.762062851832719
0,0.51,"Plants",1,0.391614905598092,0.232977510889553,0.713110300203212,0.714230712542896,1.21454912041764,0.596671394421288,0.557982348332729,0.67108805784707,0.671335317781065,0.771102873580124
0,0.52,"Plants",1,0.447466518224409,0.279362445200693,0.758806161632959,0.76273618503742,1.2605725534297,0.610036707389891,0.5693899119607,0.681094482459393,0.68194749417038,0.779124653918124
0,0.53,"Plants",1,0.503318130850725,0.325663966225537,0.808099087294088,0.811241657531944,1.30559582149981,0.623238786833246,0.580703980534466,0.691704283468913,0.69237403086274,0.786775244253644
0,0.54,"Plants",1,0.559169743477042,0.377349083176067,0.854911418302349,0.859747130026468,1.35858953888231,0.636260413187416,0.593233575258102,0.701596408580864,0.702607819852898,0.795530365198728
0,0.55,"Plants",1,0.615021356103358,0.41005661925659,0.905734687538892,0.908252602520992,1.40948678691549,0.64908538861547,0.601101455006258,0.712126555535374,0.712642458134715,0.803684983838602
0,0.56,"Plants",1,0.670872968729674,0.455730482883734,0.955858068807341,0.956758075015517,1.45767168319536,0.661698603938296,0.612000840592644,0.722291755586822,0.722472248447655,0.811176306472291
0,0.57,"Plants",1,0.72672458135599,0.508068278050814,1.00598802607499,1.00526354751004,1.50500669123559,0.674086093376048,0.624353524688108,0.732234265836971,0.732092195423166,0.818320019458856
0,0.58,"Plants",1,0.782576193982306,0.563559523544553,1.05355729883044,1.05376902000456,1.56312372424385,0.68623507695177,0.6372757446416,0.741457412899693,0.741497997417706,0.826801130226222
0,0.59,"Plants",1,0.838427806608623,0.608660793468756,1.10151687651627,1.10227449249909,1.61291843748335,0.69813399062024,0.647635250474811,0.750544214659097,0.750686034352158,0.833816178917356
0,0.6,"Plants",1,0.894279419234939,0.653580365348889,1.14970433330851,1.15077996499361,1.66395492666042,0.709772504382437,0.657816835654477,0.759456908076774,0.759653351903161,0.840768190781566
0,0.61,"Plants",1,0.950131031861255,0.69484405525219,1.19876422464088,1.19928543748814,1.72171633767324,0.72114152882514,0.667043643227491,0.768304872986435,0.768397642410527,0.848349779402237
0,0.62,"Plants",1,1.00598264448757,0.743420742716245,1.24697689066144,1.24779090998266,1.78087044837768,0.73223321068263,0.677743425136819,0.776776107808943,0.776917222876697,0.855804315373645
0,0.63,"Plants",1,1.06183425711389,0.783283197828157,1.29558664644987,1.29629638247719,1.83062690101625,0.743040918151142,0.686387286494991,0.785091285907078,0.785211010439468,0.86183639164017
0,0.64,"Plants",1,1.1176858697402,0.827411440568294,1.34463214548458,1.34480185497171,1.88727833725048,0.753559216795116,0.69580731450969,0.793250664040891,0.793278495698594,0.868444896751133
0,0.65,"Plants",1,1.17353748236652,0.869623901886839,1.39082759055427,1.39330732746623,1.94344967960482,0.763783836966996,0.70466743377813,0.800724330402305,0.801119714270749,0.874730637755653
0,0.66,"Plants",1,1.22938909499284,0.910197568567203,1.44078666401227,1.44181279996076,1.99311456520308,0.773711633719736,0.713040589690676,0.808576441308235,0.808735216936501,0.880072253900109
0,0.67,"Plants",1,1.28524070761915,0.949311399711463,1.48901070326178,1.49031827245528,2.0542951397057,0.783340540224251,0.720976673859124,0.815929738121994,0.816126038728053,0.886380899771966
0,0.68,"Plants",1,1.34109232024547,0.985959956816271,1.53829733690861,1.53882374494981,2.10514764606527,0.792669515714591,0.728289200024256,0.82321707177849,0.823293667288073,0.891402496898079
0,0.69,"Plants",1,1.39694393287179,1.0316182815103,1.58358282241957,1.58732921744433,2.15285028958229,0.801698488973661,0.737229513150535,0.829711334677605,0.830240010808888,0.89593482544366
0,0.7,"Plants",1,1.4527955454981,1.0769749422354,1.63031551156485,1.63583468993886,2.20980743761604,0.810428298344379,0.745921092495736,0.836212856113472,0.836967365838091,0.901126771355951
0,0.71,"Plants",1,1.50864715812442,1.11744651537507,1.6813654289706,1.68434016243338,2.2687484530106,0.818860629207952,0.753514764143197,0.843085251772375,0.843478385211943,0.906255514812798
0,0.72,"Plants",1,1.56449877075074,1.1578428804884,1.73108370575759,1.7328456349279,2.32138505576434,0.826997949815129,0.760940534054022,0.849550985615831,0.849776046352348,0.910632721694181
0,0.73,"Plants",1,1.62035038337705,1.19816483787897,1.77694619505124,1.78135110742243,2.37929597044319,0.834843446290797,0.76819815749478,0.855319373119481,0.855863620137256,0.915234831596537
0,0.74,"Plants",1,1.67620199600337,1.23848679526955,1.8260822918297,1.82985657991695,2.43408480592513,0.842400957559547,0.775300509256256,0.86129435451568,0.861744640528408,0.919389785857954
0,0.75,"Plants",1,1.73205360862968,1.27892029602033,1.87479541836029,1.87836205241148,2.48848562859382,0.849674910862562,0.782265930870545,0.867012172887742,0.867422875114958,0.923330667263453
0,0.76,"Plants",1,1.787905221256,1.31937158563154,1.92111968599894,1.926867524906,2.54288645126251,0.856670258456443,0.789077135747654,0.872263241192634,0.872902296706881,0.927094164151912
0,0.77,"Plants",1,1.84375683388232,1.36041149205588,1.96403598289624,1.97537299740052,2.60115618175755,0.863392416004538,0.795826567817357,0.876969074993388,0.878187056088591,0.930935952490675
0,0.78,"Plants",1,1.89960844650863,1.40011081082199,2.0149346709921,2.02387846989505,2.66575777732318,0.869847203092564,0.802201471973708,0.882356226650535,0.883281456020967,0.934975595665444
0,0.79,"Plants",1,1.95546005913495,1.4404523336347,2.06334846560229,2.07238394238957,2.73035937288881,0.876040786224359,0.808524688119814,0.88728947398736,0.888189926559314,0.938794489785631
0,0.8,"Plants",1,2.01131167176127,1.4807938564474,2.1107722634288,2.1208894148841,2.79095506940579,0.881979624581538,0.814692458090139,0.891945785361772,0.892917001735631,0.942185091569948
0,0.81,"Plants",1,2.06716328438758,1.52081135448116,2.15931248188209,2.16939488737862,2.84739357296331,0.887670418763566,0.820657925593046,0.896535792181474,0.897467297636158,0.945183796773811
0,0.82,"Plants",1,2.1230148970139,1.5585648110855,2.20807464931372,2.21790035987315,2.90208112439681,0.89312006266292,0.826147316248428,0.900972277228461,0.9018454918894,0.947949218495913
0,0.83,"Plants",1,2.17886650964022,1.59631826768985,2.25613401555373,2.26640583236767,2.96033861651744,0.898335598574003,0.831503183062883,0.905178330959477,0.906056304565821,0.950749851909413
0,0.84,"Plants",1,2.23471812226653,1.63409680694125,2.30525044711002,2.31491130486219,3.01696684489275,0.903324175584472,0.84,0.909310946237938,0.910104480478036,0.953334773136736
0,0.85,"Plants",1,2.29056973489285,1.67793635607956,2.35357656685237,2.36341677735672,3.07337358456592,0.908093011253721,0.85,0.913218092594619,0.913994772859574,0.95578097203103
0,0.86,"Plants",1,2.34642134751916,1.71656352846255,2.40243504158849,2.41192224985124,3.12856580634642,0.912649356545268,0.86,0.917012799231798,0.917731928391134,0.958055797880109
0,0.87,"Plants",1,2.40227296014548,1.75346614428005,2.45034695083753,2.46042772234577,3.18166530349861,0.917000463947548,0.87,0.920586818957972,0.921320673535472,0.960138450413926
0,0.88,"Plants",1,2.4581245727718,1.79099714522073,2.49960695532185,2.50893319484029,3.23476480065081,0.921153558690787,0.88,0.924114261492221,0.924765702135762,0.962121781613639
0,0.89,"Plants",1,2.51397618539811,1.82857443319056,2.55054759514222,2.55743866733481,3.287864297803,0.925115812945845,0.89,0.927610293954942,0.928071664227091,0.964010130170658
0,0.9,"Plants",1,2.56982779802443,1.86618331410231,2.59868852996089,2.60594413982934,3.34096379495519,0.928894322873809,0.9,0.930777127967175,0.931243156006866,0.965807684195195
0,0.91,"Plants",1,2.62567941065075,1.90379219501406,2.64786784227053,2.65444961232386,3.39872770706348,0.932496088382122,0.91,0.933879454447245,0.934284710906941,0.967664749338143
0,0.92,"Plants",1,2.68153102327706,1.94238035198098,2.69812631621467,2.70295508481839,3.46042331899125,0.93592799543392,0.92,0.936915991573621,0.937200791708332,0.969540470569636
0,0.93,"Plants",1,2.73738263590338,1.98228084755431,2.74671717503563,2.75146055731291,3.5240269940676,0.939196800751315,0.93,0.939727680230595,0.939995783638198,0.97136373275093
0,0.94,"Plants",1,2.7932342485297,2.02014686405712,2.79714223430455,2.79996602980744,3.58191293099821,0.942309118750388,0.94,0.942521200326829,0.942673988388362,0.972930708395506
0,0.95,"Plants",1,2.84908586115601,2.05898389093925,2.84630692264737,2.84847150230196,3.64100440599319,NA,0.95,NA,NA,0.974444235998748
0,0.96,"Plants",1,2.90493747378233,2.09782091782139,2.89150622915484,2.89697697479648,3.70510521905385,NA,0.96,NA,NA,0.975992888921668
0,0.97,"Plants",1,2.96078908640864,2.13665794470352,2.93971868471123,2.94548244729101,3.76013910275169,NA,0.97,NA,NA,0.977249149448683
0,0.98,"Plants",1,3.01664069903496,2.17549497158566,2.98697050862834,2.99398791978553,3.81798986831847,NA,NA,NA,NA,NA
0,0.99,"Plants",1,3.07249231166128,2.2143319984678,3.03391786486277,3.04249339228006,3.87831653142851,NA,NA,NA,NA,NA
0,1,"Plants",1,3.12834392428759,2.25317109346215,3.08235541133436,3.09099886477458,3.93840579598609,NA,NA,NA,NA,NA
0,0,"Vertebrates",1,-1.43434617453561,-2.39897458149856,-1.3070538868645,-1.31279922239899,-0.22181601430957,0.192422403021508,0.0832509232097756,0.212980253039101,0.212018809910528,0.444772255487765
0,0.01,"Vertebrates",1,-1.3924905829244,-2.34237775144811,-1.2653147095595,-1.27256525513365,-0.198780221164002,0.199010447124014,0.0876735393298566,0.220060351445171,0.218818438974992,0.450467936480523
0,0.02,"Vertebrates",1,-1.35063499131319,-2.27923261553703,-1.22712450706075,-1.2323312878683,-0.175744428018434,0.205766577881435,0.0928575735887798,0.226685100476048,0.225773656312793,0.456176629406788
0,0.03,"Vertebrates",1,-1.30877939970198,-2.21170850625388,-1.1871628509273,-1.19209732060296,-0.152708634872865,0.212691166399276,0.0987039776526377,0.233766741585364,0.23288404151855,0.461896859390273
0,0.04,"Vertebrates",1,-1.26692380809076,-2.14418439697072,-1.14757957054263,-1.15186335333761,-0.131436716578409,0.219784300167664,0.104875921076723,0.240931462030867,0.240148898552096,0.46718804447365
0,0.05,"Vertebrates",1,-1.22506821647955,-2.07666028768757,-1.10846903709083,-1.11162938607226,-0.111079344050535,0.2270457686619,0.11138610011394,0.24815641752905,0.247567245438867,0.472258682256336
0,0.06,"Vertebrates",1,-1.18321262486834,-2.01550961120536,-1.07020026515222,-1.07139541880692,-0.0856011850185901,0.234475049486164,0.117584105537421,0.255365001143746,0.255137804687447,0.478612761845063
0,0.07,"Vertebrates",1,-1.14135703325713,-1.95905588763575,-1.02827058076151,-1.03116145154157,-0.0602950676991965,0.242071295188417,0.123569258504257,0.263419525506258,0.262858994527239,0.484930798132845
0,0.08,"Vertebrates",1,-1.09950144164591,-1.90118455258652,-0.989660340428988,-0.990927484276227,-0.0371253756171454,0.249833320878453,0.129974465126762,0.270979171995791,0.270728921069483,0.490719721983479
0,0.09,"Vertebrates",1,-1.0576458500347,-1.83832536034296,-0.950170722957372,-0.950693517010881,-0.0139556835350941,0.257759592783719,0.137249469660626,0.278850489507416,0.278745371493907,0.49651113574063
0,0.1,"Vertebrates",1,-1.01579025842349,-1.77540586658291,-0.90724780904028,-0.910459549745535,0.00905039996296166,0.265848217878901,0.144871344011626,0.287563350630677,0.286905808361196,0.502262584546786
0,0.11,"Vertebrates",1,-0.973934666812276,-1.71364022794819,-0.868391400228046,-0.87022558248019,0.026764155489227,0.274096934725107,0.152692157377469,0.295589128358373,0.295207365148162,0.506690639490491
0,0.12,"Vertebrates",1,-0.932079075201063,-1.65343630395127,-0.829796853191618,-0.829991615214844,0.0435975946450927,0.282503105652816,0.160645063950114,0.303688026213878,0.303646843097815,0.51089767256979
0,0.13,"Vertebrates",1,-0.890223483589851,-1.58699006444874,-0.79029445355573,-0.789757647949498,0.0689409049692664,0.291063710419243,0.169807795288914,0.312105448026002,0.312220709470589,0.517228403117135
0,0.14,"Vertebrates",1,-0.848367891978638,-1.52324089973061,-0.74979917409611,-0.749523680684152,0.0966723060054677,0.29977534146558,0.178984776124231,0.320865061358202,0.32092509727564,0.52414927210832
0,0.15,"Vertebrates",1,-0.806512300367426,-1.46342703537038,-0.708241186461965,-0.709289713418806,0.124403707041669,0.308634200892389,0.187943728611497,0.32998759009878,0.329755806552475,0.531060878179329
0,0.16,"Vertebrates",1,-0.764656708756214,-1.40739139138995,-0.66905594104366,-0.66905574615346,0.147708688571894,0.317636099262395,0.19664582848082,0.338708263610688,0.338708307263166,0.536860178991426
0,0.17,"Vertebrates",1,-0.722801117145001,-1.34688213384438,-0.629384761038315,-0.628821778888115,0.164856414125497,0.326776456328941,0.20638057222984,0.3476500544586,0.347777743844212,0.541121014686965
0,0.18,"Vertebrates",1,-0.680945525533789,-1.28858598486535,-0.589987727699185,-0.588587811622769,0.182050629014235,0.336050303775493,0.216092243715765,0.356637670146224,0.35695894145467,0.545387372450938
0,0.19,"Vertebrates",1,-0.639089933922577,-1.23026608397294,-0.551287463579595,-0.548353844357423,0.206278297561343,0.345452290036896,0.226134858205134,0.365565759214843,0.366246413943723,0.551387488859457
0,0.2,"Vertebrates",1,-0.597234342311364,-1.16868185154103,-0.51091766998984,-0.508119877092077,0.225416836883799,0.354976687256624,0.23709332844187,0.374978426914516,0.375634373546439,0.556116789512489
0,0.21,"Vertebrates",1,-0.555378750700152,-1.10918092417109,-0.470591644889775,-0.467885909826731,0.244555313474567,0.364617400416314,0.248023621146231,0.384476218761149,0.385116742301332,0.560835927447384
0,0.22,"Vertebrates",1,-0.513523159088939,-1.04499721807648,-0.427969167027501,-0.427651942561386,0.263693790065334,0.374367978654424,0.260186928821553,0.394611379854404,0.394687165167531,0.565544089446248
0,0.23,"Vertebrates",1,-0.471667567477727,-0.983111685567879,-0.390615445736867,-0.38741797529604,0.282672426830621,0.38422162877035,0.272274793744806,0.403569153454824,0.404339024803235,0.57020128284352
0,0.24,"Vertebrates",1,-0.429811975866514,-0.921214286518574,-0.348282786004783,-0.347184008030694,0.301407231375461,0.394171230888833,0.284710539671355,0.413798902848743,0.414065457950801,0.574786490127195
0,0.25,"Vertebrates",1,-0.387956384255302,-0.866794735777496,-0.306782698777918,-0.306950040765348,0.321141915931384,0.404209356237421,0.29592168822461,0.423900239227395,0.423859373357545,0.579602520575509
0,0.26,"Vertebrates",1,-0.346100792644089,-0.807699143304186,-0.267557053223101,-0.266716073500002,0.338876840465142,0.414328286967384,0.30838101091251,0.433506932924459,0.433713471145366,0.58391766828378
0,0.27,"Vertebrates",1,-0.304245201032877,-0.751385241515705,-0.225705901336703,-0.226482106234656,0.359457602021078,0.424520037926132,0.320519538580569,0.443811855823405,0.44362026352689,0.588909128464762
0,0.28,"Vertebrates",1,-0.262389609421665,-0.693320300757756,-0.188218028537537,-0.186248138969311,0.378416174277102,0.434776380267304,0.333294863288351,0.453083915360869,0.453572096751191,0.593491046704504
0,0.29,"Vertebrates",1,-0.220534017810452,-0.638867625157022,-0.146535164159253,-0.146014171703965,0.397388900624518,0.445088866763475,0.34550255911151,0.463431620264714,0.463561174148564,0.598060154087998
0,0.3,"Vertebrates",1,-0.17867842619924,-0.581410136555457,-0.106785295628281,-0.105780204438619,0.416314304197805,0.455448858666483,0.358608185848644,0.473329015601272,0.473579580131438,0.602600959717189
0,0.31,"Vertebrates",1,-0.136822834588027,-0.520206087081115,-0.0655645678875484,-0.0655462371732733,0.436138914606939,0.465847553941755,0.372804044897436,0.483614727239113,0.483619304997678,0.607338627804988
0,0.32,"Vertebrates",1,-0.0949672429768149,-0.465858183031262,-0.0270882379602968,-0.0253122699079274,0.455300844470784,0.476276016686335,0.385597023449461,0.493228354575538,0.493672270373246,0.611898815546695
0,0.33,"Vertebrates",1,-0.0531116513656025,-0.409847329187549,0.0121125549972624,0.0149216973574184,0.476219845197231,0.486725207525677,0.398948729313375,0.503028101727333,0.503730355123789,0.616854849832611
0,0.34,"Vertebrates",1,-0.01125605975439,-0.356861437878039,0.0512919756197345,0.0551556646227643,0.496304149516365,0.497186014772071,0.411719535083392,0.512820183345313,0.513785421559245,0.621590400336923
0,0.35,"Vertebrates",1,0.0305995318568225,-0.301089622625453,0.0910851284153197,0.0953896318881101,0.514675780332763,0.507649286117987,0.425291137511725,0.522755551658128,0.523829341752106,0.625901945252352
0,0.36,"Vertebrates",1,0.0724551234680347,-0.245138977638912,0.131792620994064,0.135623599153456,0.537961546108159,0.518105860630819,0.439020321766826,0.532900547419372,0.533854023788644,0.6313380941243
0,0.37,"Vertebrates",1,0.114310715079247,-0.191428520151402,0.171654114041173,0.175857566418802,0.564884396379692,0.528546600811737,0.452288479626186,0.542808466989195,0.543851437773196,0.637581940378424
0,0.38,"Vertebrates",1,0.156166306690459,-0.138676540698449,0.213944347402616,0.216091533684147,0.59383295050646,0.538962424480471,0.465386318889846,0.553283001781629,0.553813641408508,0.644244118441881
0,0.39,"Vertebrates",1,0.198021898301672,-0.0911608928984178,0.254704255405684,0.256325500949493,0.617130770420178,0.549344336250119,0.47722554648569,0.563334037767592,0.563732804980096,0.649565706166561
0,0.4,"Vertebrates",1,0.239877489912884,-0.040501523949419,0.294566054652393,0.296559468214839,0.647763114223105,0.559683458361246,0.489876002902808,0.573113609411073,0.57360123557951,0.656506208684791
0,0.41,"Vertebrates",1,0.281733081524097,0.00452358324737951,0.337040972161601,0.336793435480185,0.6746582926728,0.569971060652652,0.501130893883407,0.583471561111087,0.583411400410185,0.662545442838657
0,0.42,"Vertebrates",1,0.323588673135309,0.0523761764613561,0.379099043517823,0.377027402745531,0.701587226986873,0.580198589456987,0.513091051568103,0.593655784820675,0.593155949030016,0.668539586832446
0,0.43,"Vertebrates",1,0.365444264746522,0.104897634173516,0.420053156306746,0.417261370010876,0.728393733462281,0.590357695222778,0.526200388253999,0.603495969632087,0.602827734396814,0.674452689523238
0,0.44,"Vertebrates",1,0.407299856357734,0.150579472300452,0.46051087799122,0.457495337276222,0.75534156680589,0.600440258680009,0.53757389845356,0.613135363599643,0.612419832596075,0.680341484180789
0,0.45,"Vertebrates",1,0.449155447968946,0.196671654821435,0.502586032830655,0.497729304541568,0.790200800775818,0.610438415384059,0.549010040816385,0.623066865781966,0.621925561144899,0.687874444776918
0,0.46,"Vertebrates",1,0.491011039580159,0.236902112926288,0.541901990995596,0.537963271806914,0.827750494124682,0.620344578492034,0.558950083057867,0.632254758286035,0.63133849578112,0.695879073649694
0,0.47,"Vertebrates",1,0.532866631191371,0.286479306138763,0.580843439627848,0.57819723907226,0.855089826711119,0.630151459646136,0.571133991140705,0.641261458681901,0.640652485662575,0.701633758623493
0,0.48,"Vertebrates",1,0.574722222802584,0.336417988155821,0.619390096317218,0.618431206337606,0.887198032939058,0.639852087860284,0.583320147882835,0.650079822797604,0.649861666917631,0.708311606667489
0,0.49,"Vertebrates",1,0.616577814413796,0.374632959099619,0.658898897486125,0.658665173602951,0.927166377403064,0.649439826328322,0.592577988532535,0.659012997687452,0.658960474504439,0.716500051452793
0,0.5,"Vertebrates",1,0.658433406025008,0.413733803566244,0.697254817028206,0.698899140868297,0.967208900095291,0.658908387094577,0.601982836065768,0.667578849002574,0.6679436523526,0.724562822960128
0,0.51,"Vertebrates",1,0.700288997636221,0.452389210993428,0.734452524403139,0.739133108133643,1.0099048526065,0.668251843549776,0.611207139879355,0.675781586911872,0.6768062617768,0.733001528327923
0,0.52,"Vertebrates",1,0.742144589247433,0.492773996379324,0.774956006394544,0.779367075398989,1.06082559296264,0.677464640737201,0.620759696930119,0.684592001046423,0.685543688167336,0.742848285576104
0,0.53,"Vertebrates",1,0.784000180858646,0.529478677914797,0.814599481486975,0.819601042664335,1.11468131842592,0.686541603474996,0.629361513662255,0.693088758926475,0.694151645977061,0.753000823428477
0,0.54,"Vertebrates",1,0.825855772469858,0.567928879341665,0.856573401647311,0.859835009929681,1.15845802430839,0.695477942320649,0.638285137650809,0.701944242943993,0.702626182037989,0.761052416926986
0,0.55,"Vertebrates",1,0.867711364081071,0.602978556771827,0.898885061179058,0.900068977195026,1.21507983409853,0.704269257422384,0.646337457056633,0.710720328477578,0.710963677253525,0.771196532782337
0,0.56,"Vertebrates",1,0.909566955692283,0.633124791285482,0.937463017159231,0.940302944460372,1.26624839307048,0.712911540319557,0.653197661098175,0.718586913970091,0.719160846723784,0.780099858310966
0,0.57,"Vertebrates",1,0.951422547303496,0.664410965658727,0.977264519618095,0.980536911725718,1.31380175490622,0.721401173769725,0.660250553512084,0.726565100168748,0.727214738371824,0.788148631665425
0,0.58,"Vertebrates",1,0.993278138914708,0.696385570159784,1.0142642089138,1.02077087899106,1.37538497179079,0.729734929693992,0.667385919967652,0.733853832139424,0.735122730147576,0.798248783665456
0,0.59,"Vertebrates",1,1.03513373052592,0.73981595087217,1.05430129182916,1.06100484625641,1.42602719910904,0.737909965344193,0.676955608450719,0.741600009482966,0.742882525893978,0.806281552537467
0,0.6,"Vertebrates",1,1.07698932213713,0.776256948991299,1.09310550402968,1.10123881352176,1.48603541317951,0.745923817805573,0.684872840627034,0.748966057067861,0.750492149966099,0.815482463963324
0,0.61,"Vertebrates",1,1.11884491374834,0.804005620960041,1.13252003938955,1.1414727807871,1.53737876925598,0.753774396956806,0.690830669616628,0.756303663546622,0.757949940699047,0.823083352271006
0,0.62,"Vertebrates",1,1.16070050535956,0.831545422512211,1.16851256388172,1.18170674805245,1.59489404365868,0.761459977015434,0.696681602093338,0.762876049429603,0.765254542824128,0.831303547022658
0,0.63,"Vertebrates",1,1.20255609697077,0.861187868458316,1.20817727740425,1.22194071531779,1.64377357058257,0.768979186801221,0.702908774348864,0.769976280401377,0.77240489893511,0.838047754005839
0,0.64,"Vertebrates",1,1.24441168858198,0.892241505841588,1.24726380736191,1.26217468258314,1.69660072113826,0.776330998852576,0.709352524005841,0.776825853775493,0.779400240107672,0.845090247908964
0,0.65,"Vertebrates",1,1.28626728019319,0.925635392992615,1.28666983476642,1.30240864984848,1.75781650235414,0.783514717532126,0.716188963016272,0.783582990806332,0.78624007577519,0.852935981581727
0,0.66,"Vertebrates",1,1.32812287180441,0.949876549779072,1.32707282746616,1.34264261711383,1.82715036292192,0.790529966257007,0.72109035050852,0.790356033913847,0.792924182963065,0.861421903880782
0,0.67,"Vertebrates",1,1.36997846341562,0.976825074457864,1.36829917471455,1.38287658437918,1.89542384142882,0.797376673987376,0.726477787673744,0.797105220663842,0.799452594981906,0.869372717551614
0,0.68,"Vertebrates",1,1.41183405502683,0.998091422193902,1.40511348163784,1.42311055164452,1.95245582175404,0.804055061103459,0.730683164016446,0.802994067205194,0.805825589677131,0.875714177362242
0,0.69,"Vertebrates",1,1.45368964663804,1.02589402146459,1.44384708706353,1.46334451890987,2.00937739604919,0.810565624797044,0.736119092262167,0.809049688071225,0.81204367732911,0.881778133983515
0,0.7,"Vertebrates",1,1.49554523824926,1.04401869612494,1.48259657892641,1.50357848617521,2.06629897034434,0.816909124098017,0.739624671595207,0.814964458301173,0.818107588293845,0.887584207706009
0,0.71,"Vertebrates",1,1.53740082986047,1.0623138391506,1.52176216948322,1.54381245344056,2.12322054463949,0.823086564650407,0.743132474609359,0.820797822450656,0.824018260469578,0.893139691502469
0,0.72,"Vertebrates",1,1.57925642147168,1.0887806904717,1.56206364635668,1.5840464207059,2.18013565374053,0.829099183345649,0.748152048143415,0.826649273395893,0.829776826669651,0.898451449336052
0,0.73,"Vertebrates",1,1.62111201308289,1.11842572447483,1.60217363455539,1.62428038797125,2.23702820903053,0.834948432913474,0.753696587757017,0.83232196133525,0.835384601976585,0.903525726681649
0,0.74,"Vertebrates",1,1.66296760469411,1.14047514233759,1.64086232047915,1.6645143552366,2.29392076432054,0.840635966563218,0.757766865027672,0.837652239360508,0.840843071146715,0.908372306279151
0,0.75,"Vertebrates",1,1.70482319630532,1.161808606874,1.67980471594303,1.70474832250194,2.35081331961054,0.846163622760453,0.761661192794618,0.842878670554988,0.846153876128976,0.912998852824456
0,0.76,"Vertebrates",1,1.74667878791653,1.18913866399741,1.72036534863885,1.74498228976729,2.40898678060407,0.851533410215878,0.766586979577549,0.848175889569435,0.851318803755597,0.917510028414173
0,0.77,"Vertebrates",1,1.78853437952774,1.21646872112081,1.7626575068432,1.78521625703263,2.46984020169671,0.856747493155392,0.771441512973197,0.853542181838454,0.856339773656637,0.922000273627694
0,0.78,"Vertebrates",1,1.83038997113896,1.24379877824422,1.80460684822618,1.82545022429798,2.52640320811748,0.861808176932393,0.78,0.858708798964174,0.861218826444551,0.925972179014236
0,0.79,"Vertebrates",1,1.87224556275017,1.26932647271811,1.84668844957153,1.86568419156333,2.58917659678088,0.866717894035605,0.79,0.863737819992332,0.865958112209319,0.930161747074759
0,0.8,"Vertebrates",1,1.91410115436138,1.29090776293831,1.8879952851152,1.90591815882867,2.64883529313428,0.871479190538268,0.8,0.868526785232667,0.870559879359224,0.933939168132143
0,0.81,"Vertebrates",1,1.95595674597259,1.31848966884615,1.92724747815122,1.94615212609402,2.70669777749434,0.876094713027322,0.81,0.872944444220831,0.875026463837114,0.937420709526302
0,0.82,"Vertebrates",1,1.99781233758381,1.34607157475398,1.96710933704499,1.98638609335936,2.76662713652718,0.880567196044437,0.82,0.877300288447435,0.879360278736963,0.940845548016881
0,0.83,"Vertebrates",1,2.03966792919502,1.36782084112247,2.00422825092414,2.02662006062471,2.82616733293733,0.884899450064269,0.83,0.881240302903126,0.883563804340832,0.944073586500402
0,0.84,"Vertebrates",1,2.08152352080623,1.38862241619313,2.04406775517358,2.06685402789005,2.88929186645621,0.889094350029342,0.84,0.885346824612164,0.887639578591863,0.947314550029727
0,0.85,"Vertebrates",1,2.12337911241744,1.40883552594651,2.0829404474516,2.1070879951554,2.95202873141943,0.893154824455368,0.85,0.889233989903267,0.891590188014839,0.950359284411471
0,0.86,"Vertebrates",1,2.16523470402866,1.4291101930007,2.12199339127354,2.14732196242075,3.0150889886544,0.897083845115703,0.86,0.893022514016826,0.895418259091976,0.953251160696103
0,0.87,"Vertebrates",1,2.20709029563987,1.4494938100051,2.16095620932353,2.18755592968609,3.07810472219397,0.900884417308988,0.87,0.896688163946298,0.899126450098149,0.955980496818639
0,0.88,"Vertebrates",1,2.24894588725108,1.47214157015003,2.19991902737352,2.22778989695144,3.1371892560324,0.904559570709767,0.88,0.90024223927615,0.902717443396537,0.958400964667816
0,0.89,"Vertebrates",1,2.29080147886229,1.49373513500461,2.23997075261431,2.26802386421678,3.19402610011481,0.908112350798146,0.89,0.903781914961853,0.906193938192817,0.960608848854164
0,0.9,"Vertebrates",1,2.33265707047351,1.51025508341487,2.27791402357186,2.30825783148213,3.2564703494701,0.911545810861206,0.9,0.907031295112942,0.909558643743468,0.962904920783536
0,0.91,"Vertebrates",1,2.37451266208472,1.53038856903472,2.3176482627588,2.34849179874748,3.31683933971781,0.914863004555926,0.91,0.910328151617014,0.912814273011447,0.965002002797823
0,0.92,"Vertebrates",1,2.41636825369593,1.5506022165743,2.35803160986184,2.38872576601282,3.38184808724423,NA,0.92,NA,NA,0.967132401683538
0,0.93,"Vertebrates",1,2.45822384530714,1.57109608266867,2.39829155831868,2.42895973327817,3.44701149682332,NA,0.93,NA,NA,0.969141892005907
0,0.94,"Vertebrates",1,2.50007943691836,1.60050524047775,2.43676162865229,2.46919370054351,3.50143490199398,NA,0.94,NA,NA,0.970728568986575
0,0.95,"Vertebrates",1,2.54193502852957,1.62462280635839,2.47686191447004,2.50942766780886,3.55568798539593,NA,0.95,NA,NA,0.972231400792565
0,0.96,"Vertebrates",1,2.58379062014078,1.64590457821554,2.51614754521402,2.5496616350742,3.60991822225862,NA,0.96,NA,NA,0.973658583057516
0,0.97,"Vertebrates",1,2.62564621175199,1.66718635007268,2.5546816805824,2.58989560233955,3.6641484591213,NA,0.97,NA,NA,0.975014299580451
0,0.98,"Vertebrates",1,2.6675018033632,1.68661917824542,2.59459745484166,2.6301295696049,3.71837869598399,NA,NA,NA,NA,NA
0,0.99,"Vertebrates",1,2.70935739497442,1.70538200823384,2.63449720080551,2.67036353687024,3.77419316637983,NA,NA,NA,NA,NA
0,1,"Vertebrates",1,2.75121298658563,1.72419231785592,2.67516359628226,2.71059750413559,3.83769688261104,NA,NA,NA,NA,NA
